{"cameraMode":{"drawMode":0,"name":"Shaded","section":"Shading Mode"},"sceneLighting":false,"audioPlay":false,"sceneViewState":{"showFog":true,"showMaterialUpdate":true,"showSkybox":false,"showFlares":true,"showImageEffects":true,"showParticleSystems":true},"in2DMode":false,"pivot":{"x":-5.967926979064941,"y":5.9023966789245609,"z":46.99800491333008},"rotation":{"x":0.2952781021595001,"y":0.11138015240430832,"z":-0.03454761579632759,"w":0.9484316110610962},"size":0.000018207438188255765,"orthographic":false}