{"cameraMode":{"drawMode":0,"name":"Shaded","section":"Shading Mode"},"sceneLighting":true,"audioPlay":false,"sceneViewState":{"showFog":true,"showMaterialUpdate":true,"showSkybox":true,"showFlares":true,"showImageEffects":true,"showParticleSystems":true},"in2DMode":false,"pivot":{"x":4.851372241973877,"y":44.33526611328125,"z":103.53789520263672},"rotation":{"x":-0.0010968954302370549,"y":0.9589017629623413,"z":-0.2843826115131378,"w":-0.003904728451743722},"size":0.4330126941204071,"orthographic":false}