{"cameraMode":{"drawMode":0,"name":"Shaded","section":"Shading Mode"},"sceneLighting":false,"audioPlay":false,"sceneViewState":{"showFog":true,"showMaterialUpdate":true,"showSkybox":false,"showFlares":true,"showImageEffects":true,"showParticleSystems":true},"in2DMode":false,"pivot":{"x":-3.221724033355713,"y":1.4331368207931519,"z":39.8049201965332},"rotation":{"x":0.1910678595304489,"y":-0.7492757439613342,"z":0.2443019449710846,"w":0.5853479504585266},"size":20.571435928344728,"orthographic":false}