{"cameraMode":{"drawMode":0,"name":"Shaded","section":"Shading Mode"},"sceneLighting":false,"audioPlay":false,"sceneViewState":{"showFog":true,"showMaterialUpdate":true,"showSkybox":false,"showFlares":true,"showImageEffects":true,"showParticleSystems":true},"in2DMode":false,"pivot":{"x":-3.305894374847412,"y":1.8600072860717774,"z":3.151587963104248},"rotation":{"x":0.21755659580230714,"y":-0.008787850849330426,"z":0.0019558577332645656,"w":0.9760516881942749},"size":3.8205180168151857,"orthographic":false}