{"cameraMode":{"drawMode":0,"name":"Shaded","section":"Shading Mode"},"sceneLighting":false,"audioPlay":false,"sceneViewState":{"showFog":true,"showMaterialUpdate":true,"showSkybox":false,"showFlares":true,"showImageEffects":true,"showParticleSystems":true},"in2DMode":false,"pivot":{"x":2.221895694732666,"y":-8.31627082824707,"z":52.167633056640628},"rotation":{"x":-0.2126654088497162,"y":0.40958720445632937,"z":0.09887194633483887,"w":0.8817872405052185},"size":0.000017949609173228964,"orthographic":false}