{"cameraMode":{"drawMode":0,"name":"Shaded","section":"Shading Mode"},"sceneLighting":false,"audioPlay":false,"sceneViewState":{"showFog":true,"showMaterialUpdate":true,"showSkybox":false,"showFlares":true,"showImageEffects":true,"showParticleSystems":true},"in2DMode":false,"pivot":{"x":-1.0415315628051758,"y":2.708010673522949,"z":-3.715965986251831},"rotation":{"x":0.4162192940711975,"y":-0.01363571546971798,"z":0.0062613580375909809,"w":0.9092016816139221},"size":9.013877868652344,"orthographic":false}