{"cameraMode":{"drawMode":0,"name":"Shaded","section":"Shading Mode"},"sceneLighting":false,"audioPlay":false,"sceneViewState":{"showFog":true,"showMaterialUpdate":true,"showSkybox":false,"showFlares":true,"showImageEffects":true,"showParticleSystems":true},"in2DMode":false,"pivot":{"x":-7.40500020980835,"y":1.996000051498413,"z":-0.20100000500679017},"rotation":{"x":-0.21021921932697297,"y":-0.01261953730136156,"z":0.002697318559512496,"w":-0.9775991439819336},"size":2.0211739540100099,"orthographic":false}