{"cameraMode":{"drawMode":0,"name":"Shaded","section":"Shading Mode"},"sceneLighting":false,"audioPlay":false,"sceneViewState":{"showFog":true,"showMaterialUpdate":true,"showSkybox":false,"showFlares":true,"showImageEffects":true,"showParticleSystems":true},"in2DMode":false,"pivot":{"x":-45.83393096923828,"y":0.6485202312469482,"z":8.523738861083985},"rotation":{"x":0.2913581132888794,"y":0.035771653056144717,"z":-0.010777831077575684,"w":0.9560466408729553},"size":1.30324125289917,"orthographic":false}