{"cameraMode":{"drawMode":0,"name":"Shaded","section":"Shading Mode"},"sceneLighting":true,"audioPlay":false,"sceneViewState":{"showFog":true,"showMaterialUpdate":true,"showSkybox":true,"showFlares":true,"showImageEffects":true,"showParticleSystems":true},"in2DMode":false,"pivot":{"x":-58.40794372558594,"y":-31.993133544921876,"z":-34.5279541015625},"rotation":{"x":0.13316377997398377,"y":-0.8667800426483154,"z":0.33105921745300295,"w":0.3489089012145996},"size":214.87005615234376,"orthographic":false}