{"cameraMode":{"drawMode":0,"name":"Shaded","section":"Shading Mode"},"sceneLighting":false,"audioPlay":false,"sceneViewState":{"showFog":true,"showMaterialUpdate":true,"showSkybox":false,"showFlares":true,"showImageEffects":true,"showParticleSystems":true},"in2DMode":false,"pivot":{"x":-3.2404673099517824,"y":2.4666671752929689,"z":0.2732670307159424},"rotation":{"x":-0.13291794061660767,"y":0.6728173494338989,"z":-0.12475123256444931,"w":-0.717039167881012},"size":1.9587339162826539,"orthographic":false}