{"cameraMode":{"drawMode":0,"name":"Shaded","section":"Shading Mode"},"sceneLighting":false,"audioPlay":false,"sceneViewState":{"showFog":true,"showMaterialUpdate":true,"showSkybox":false,"showFlares":true,"showImageEffects":true,"showParticleSystems":true},"in2DMode":false,"pivot":{"x":0.0,"y":0.5499999523162842,"z":13.520049095153809},"rotation":{"x":0.550228476524353,"y":-0.31665411591529848,"z":0.23709602653980256,"w":0.7355784177780151},"size":8.461747169494629,"orthographic":false}