{"cameraMode":{"drawMode":0,"name":"Shaded","section":"Shading Mode"},"sceneLighting":false,"audioPlay":false,"sceneViewState":{"showFog":true,"showMaterialUpdate":true,"showSkybox":false,"showFlares":true,"showImageEffects":true,"showParticleSystems":true},"in2DMode":false,"pivot":{"x":-5.4387688636779789,"y":5.161622524261475,"z":-6.390681743621826},"rotation":{"x":-0.24494268000125886,"y":0.05144651234149933,"z":-0.013034275732934475,"w":-0.9681145548820496},"size":1.9587339162826539,"orthographic":false}